Deal_title,Success_probability
TitleAD16O,42.53163299560547
TitleOW6CR,42.40286407470703
TitleVVJQ5,47.98443756103516
TitleUS8NA,38.466703033447274
Title5VGWW,44.23834381103516
TitleE2WOK,42.82564697265625
Title8CF62,36.96858367919922
TitleF8687,28.90596160888672
TitleWNTYU,33.89740142822266
TitleXK47X,44.64692840576172
Title2QCON,37.36458740234375
TitleR9W92,42.39204559326172
TitleY5USZ,43.6742416381836
TitleY4MJP,42.80435333251953
Title1W8YF,39.9481674194336
Title9HII9,42.95832977294922
Title725I7,37.10706100463867
TitleTB8A9,39.33905181884766
Title9CM6M,42.10583648681641
Title2ATAG,36.09194717407227
TitleAKV0K,44.97883758544922
Title40AN7,43.9369369506836
TitleQC654,31.87435302734375
TitleDYIL3,33.355523681640626
TitleEX1S3,46.8491226196289
TitleAMLDL,48.36995086669922
TitleQH7E7,33.71966705322266
TitleT52E7,39.29232177734375
TitleTGRSX,43.11439666748047
TitleNL1RF,46.62783966064453
TitleXOLYB,35.2202392578125
Title6M0R1,36.82791290283203
TitleO3EA1,42.36847076416016
TitleDOHV2,36.397977447509774
TitleBZERW,43.04589996337891
TitleGD2UX,43.89627227783203
TitleWLHM9,43.595941162109376
TitleKCOAN,37.489698028564455
TitleZLSEG,36.626233673095705
TitleIJCLT,44.69027099609375
Title6TO0C,32.96083602905273
Title6G0HX,42.92556915283203
TitleOI849,31.800706481933595
TitleFOU96,44.17062530517578
Title1JMW2,45.61136016845703
TitleEK2G5,33.288278198242196
TitleFCVZZ,45.863427734375
TitleYWT9O,38.98433074951172
TitleONFNK,32.99934158325195
TitleYBWHO,30.588876342773442
Title0ABZU,36.58994064331055
TitleRL0H9,36.296914672851564
Title7EQFB,47.66554412841797
Title4EV1D,44.706834411621095
TitleBGKH2,43.25450286865234
TitleDTP0Z,47.59163055419922
Title11K82,58.77655944824219
Title7VF6X,49.73128662109375
TitleQU2CO,36.6023193359375
Title64YS8,37.16847381591797
TitleFIM0Q,40.51196441650391
TitleCWEHX,35.62812194824219
Title92460,40.78881988525391
TitleWJ99Y,48.64773712158203
TitleKRL1N,46.07081756591797
TitleL3YT1,31.442624664306642
Title38LJL,46.69867095947266
TitleH6EHH,32.08911285400391
Title85MTC,37.62366638183594
TitleKHY4R,30.823556518554692
TitleVSLNT,44.24456939697266
Title87H8W,44.69239959716797
TitleF6Y3O,45.82628784179688
TitleARV9A,34.45045623779297
TitleNOVXO,39.03592071533203
TitleB9BV2,49.08288726806641
TitleBJ1RG,46.15170440673828
TitleCEJAA,37.93017349243164
Title6IXFW,54.1933609008789
TitleMMMJ8,43.58303985595703
TitleS2KHC,40.69455108642578
TitleBQCK8,45.862901306152345
Title49KAE,39.960496520996095
TitleI75WO,34.355138397216805
Title89CC9,37.95604476928711
TitleQH1LB,43.67649993896485
TitleO4EZA,29.544263458251955
Title29I32,47.25386199951172
TitleQS6HG,30.95503387451172
Title3X354,45.491502380371095
Title7O1LX,40.77223358154297
TitleTL3RY,41.44703063964844
TitleGNLFA,42.69392547607422
Title2LWRP,35.148145294189455
TitleASNW8,39.62053833007813
Title17AXX,39.44650421142578
Title1ZNU8,38.09051666259766
TitleI91SM,34.3075080871582
TitleT3O89,32.48345718383789
Title7SN4U,43.96260223388672
TitleXTN7N,43.287393188476564
Title60US8,35.386006927490236
TitleHQHV8,34.64750442504883
TitleKRERU,44.462075805664064
Title2LMSH,54.55734405517578
TitleRUNZZ,34.04375228881836
TitleNWNCQ,46.19069061279297
TitleX4XVX,38.200181579589845
TitleZZ8C4,39.90335235595703
Title40VOT,37.146253204345705
TitleVJE93,32.18795166015625
TitleT6IFU,31.945779418945307
TitleJTB5C,44.15794525146485
TitleP27G5,48.45184478759766
Title9MOY9,42.56750640869141
TitleL2MIQ,38.981004333496095
Title4C0R3,42.292153930664064
Title9M68F,33.51351699829102
TitleTV4EP,35.131673431396486
TitleGRQSE,39.64961395263672
Title66KV3,43.89058074951172
TitleZGL83,39.26806793212891
TitleDXX1I,42.06041870117188
TitleJEC3R,39.19835052490234
TitleJ86PA,37.71950302124024
TitleY63E7,42.02044830322266
TitleTIZWH,43.205911254882814
Title8Q2VE,40.82054290771485
TitleU4TJJ,37.377645111083986
Title3DJSM,36.72721633911133
TitleQK0GK,36.68005142211914
Title1RJEO,33.30043563842773
TitleQLAAT,31.692273712158197
TitleE5SMZ,40.44693145751953
TitleBCI7X,47.2421127319336
TitleEJ8QG,41.33783111572266
TitleF952N,35.25176773071289
TitleTSFVY,43.40759429931641
TitleMDHHH,30.63733062744141
TitleRHKWU,32.96606979370117
Title5FQ2D,41.86947784423828
TitleC9DTF,32.77303466796875
TitleMNACX,37.72567138671875
Title3HAQN,47.556016540527345
TitleVZ77S,36.60119400024414
Title9XK7J,39.97309265136719
TitleXAZ58,30.35182342529297
Title5AVS8,30.954160308837892
Title2GZ5L,46.277490234375
TitleQVCQO,47.20324859619141
TitleQU41K,32.8705078125
TitleMSQ29,41.36963043212891
TitleGF3AR,39.10066375732422
TitleM1Y03,29.16743240356445
TitleO050D,39.67522583007813
TitleMY1JL,38.73153839111328
TitleHR6TI,41.92999420166016
TitleQYD01,34.37873611450195
TitleDTQVL,46.55557403564453
TitleL0TYU,32.554330444335946
TitleCBNHL,35.4319091796875
TitleKU2HW,30.976476287841802
TitleVLF3R,29.59831008911133
Title8ZAVN,36.096997833251955
TitleZQS1N,41.288377380371095
Title6RJPI,38.88079986572266
TitleFITS4,45.90261993408203
TitleH7DCS,46.48705444335938
TitleW6KGP,55.47297821044922
TitleB19A4,34.440770721435555
Title3K0H0,44.17547760009766
TitleQETZZ,39.48736724853516
TitleMMOKL,48.9282699584961
TitleVB7TN,37.248921966552736
TitleP31A3,50.375291442871095
Title84WTP,40.19032440185547
Title8O71H,42.639016723632814
TitleEOOL3,35.730741119384774
TitleSL7PN,44.55011138916016
TitleNNMNX,47.55286560058594
Title94T7J,38.30451354980469
Title5TW58,42.0565658569336
TitleFSOQQ,46.612779235839845
Title3U0Q9,41.98700103759766
Title5TU5S,33.70058975219727
TitleZ0JY8,34.46938858032227
TitleTXY8Q,37.000390625
TitleVFIT3,40.388719177246095
Title7U9QA,44.329270935058595
TitleYQ0XO,44.100381469726564
Title7MGIZ,43.20832977294922
Title9072O,30.577397918701173
TitlePIGTN,36.408231353759774
TitleN0MYB,37.126355743408205
TitleRIWZ8,40.93716583251953
TitleZIGTQ,47.501573181152345
TitleTW439,38.0907341003418
TitleUIT6V,38.44009170532227
TitleR6XH3,48.3208480834961
Title58R3H,29.75132522583008
TitleDEBAJ,36.644972229003905
TitleQZ64P,45.61405029296875
TitlePR1PN,46.103659057617186
Title482NU,35.31010284423828
TitleGZLAP,41.89767303466797
TitleS9B92,45.94812622070313
TitleY95FX,50.477125549316405
TitleFMC0D,29.852232360839842
TitleI0INY,44.733290100097655
Title0GAJI,47.627584838867186
Title6LA9P,47.156324768066405
TitleKILVF,43.23564758300781
TitleAITZX,38.58811416625977
TitleL6A1J,38.04155960083008
TitleCYT9J,31.51689376831055
TitleDST6L,46.3815902709961
Title6BNFS,32.682257080078124
TitleXAPT4,41.73910369873047
TitleHJ3WF,42.97826995849609
TitleNDJ2A,37.421896362304686
TitleYYGY8,43.834677124023436
TitleCVP13,42.515928649902335
TitleL7DS2,35.11942138671875
TitleVO0MI,40.903585815429686
Title1QLMW,43.22567596435547
TitleAFWVU,41.446630859375
TitleMQGXY,36.893724822998045
TitlePS05F,42.372816467285155
TitleTBPD7,47.097181701660155
TitleSC6IH,34.174429321289054
TitleWMDY2,49.80045928955078
Title8AXHN,37.89148941040039
Title8WJ3G,39.16379776000977
TitleSYQ3F,38.35352554321289
TitleF0S76,47.347731018066405
Title23FI5,34.82257308959961
TitleYM00H,38.32340850830078
TitleV4Q21,32.42260589599609
TitleZW3VH,43.310507202148436
TitleWTD4L,47.10751190185547
TitleHGN2A,38.11770095825195
Title5NAK8,43.948812866210936
TitleAFWDD,38.58547439575195
TitleCVTAZ,38.59192886352539
Title6S2L6,47.085523986816405
TitleU7VJM,39.53789367675781
Title25JJZ,40.54684295654297
TitleU2OST,37.72434463500977
TitleZK1N8,42.646681213378905
TitlePJS42,33.26373519897461
TitleT2N5V,48.68018188476562
Title2WV7J,42.15041961669922
TitleFAB82,37.68444671630859
TitleUP3M1,47.04824676513672
TitleT2JNN,37.20739593505859
TitleCLQNO,41.14774932861328
Title9R03I,41.87298431396485
Title07QDY,39.30381240844727
Title2IVM3,38.56054916381836
TitleVP36Q,36.930197143554686
TitleK4XJS,40.054579162597655
Title4B9AT,43.37011566162109
TitleIKWWI,39.45544662475586
TitleGIP04,37.52232208251953
Title9PWR5,47.685934448242186
TitleFPMEZ,37.86683120727539
Title2I5M7,47.144117736816405
Title9R98H,34.55143203735352
Title0NIZP,34.54868927001953
TitleWNR0U,46.998617553710936
TitleAHKSJ,38.99813690185547
TitleJQHWZ,46.09467163085938
TitleY63MM,39.733702087402335
Title7R26O,39.3136848449707
TitleERLRI,48.4177230834961
Title9DNDI,42.90508117675781
TitleN1GIT,39.67605438232422
TitleZHHGX,43.05221405029297
TitleILO9W,37.25463333129883
TitleV8J6I,43.431654357910155
Title6FUHU,47.43338623046875
TitleKU88H,36.336473846435545
TitleGWFWJ,45.14120330810547
TitleQUUJE,44.76598968505859
Title1CUT0,39.24954071044922
TitleRPEUI,39.32594528198242
TitleRWN0X,39.618017578125
Title2TB8F,39.265814208984374
TitleJBP95,44.722357177734374
Title2EHEM,41.19859924316406
TitleJZ4ZZ,39.44993438720703
TitleUR93W,38.86973419189453
Title2EEYL,35.21805038452148
TitleQKKKC,38.033731842041014
TitleBV5KY,42.404066467285155
TitleYEHWZ,44.91526641845703
Title9GWVF,41.071058654785155
TitleLF6V7,41.69571533203125
TitleGEZF0,39.87161102294922
TitleLNVE2,47.068624877929686
TitleM0Z66,36.46380081176758
Title0Z5ME,42.08359375
Title72FQJ,41.29606475830078
TitleRIG9O,41.33146514892578
TitleSNRHC,49.45146789550781
TitleZYG49,46.73367919921875
TitleL7PNT,40.211805725097655
TitleR0QR3,52.04806365966797
Title853VR,45.10136260986328
TitleAHYGU,39.87096252441406
TitleUE5GI,39.880934143066405
TitleWQE72,47.04807891845703
TitleB3YJF,46.80255737304688
TitleP5WMY,33.13924255371094
TitleP1ICM,38.76489868164063
TitleKK5F9,40.31889190673828
TitleMD7B7,34.82663192749023
Title6PDLX,43.96752777099609
Title7KCK3,37.9537109375
TitleE82ZH,49.320570373535155
TitleSOLQY,37.96830596923828
TitleCQMFZ,40.67619171142578
TitleGMHJJ,45.068304443359374
TitleY3CTI,39.49166717529297
TitleE0F81,42.81985321044922
TitleZFA8I,40.650045776367186
TitleULSDL,44.67753448486328
Title34CJS,43.890516662597655
TitleS9KBI,38.042772674560545
Title6CM5T,35.524221801757804
TitleLYI3U,46.37841644287109
Title38R86,47.493116760253905
TitleS82G6,47.40630950927734
TitleSYV81,35.03530731201172
Title9UUQ3,45.757101440429686
TitleHMB3O,39.919027709960936
TitleBC20O,34.5195182800293
TitleYXY72,39.787306213378905
TitleV507Q,30.336244964599608
TitleD1JZI,29.154093170166014
Title0MNUW,48.531813049316405
TitleKSO5Y,37.976866149902335
TitleZ5ZLQ,40.011045837402335
Title2M7AV,34.23962631225586
TitlePQYAC,40.21684112548828
TitleN5OC4,30.601686859130858
TitleG1V42,40.405416870117186
Title4M0M0,44.67904510498047
TitleQBMS6,42.49529876708984
Title2LAUA,38.54345932006836
Title0GLCX,45.731336975097655
Title72Y5L,41.01342620849609
TitleFCGPO,38.501661682128905
TitleOMYPK,42.57372894287109
TitleBZMHQ,40.159803771972655
Title3MF67,37.6224006652832
TitleJLN3N,34.98060836791992
Title881YW,44.35122528076172
TitleXH1PW,39.357103729248045
TitleKUO6X,41.381857299804686
TitleRVF5F,35.35431137084961
TitleFS6PM,45.603956604003905
TitleBLK74,36.652471923828124
Title5SA8C,34.798303985595695
TitleQRM70,40.89990081787109
TitleD8SRX,47.107069396972655
Title30J3Q,45.768690490722655
TitleHD2QJ,44.54684295654297
TitleSEOJC,48.33628692626953
TitleFWTDO,43.723036193847655
TitleTL45U,42.14694061279297
Title3CYSC,42.86578216552734
Title777LR,41.69470062255859
TitleJKMVS,33.01046600341797
Title5SU1I,43.70856323242188
Title7OAQB,42.791845703125
Title7JR4T,44.8354248046875
TitleOK4D6,39.79394378662109
TitleVWZ8U,36.677416229248045
Title2BFXG,45.39234008789063
TitleQA2XL,44.78042449951172
TitleCRJ51,33.64842071533203
TitleA1E4X,49.311659240722655
TitleKDPSC,31.402834320068358
TitleQD7TQ,40.535658264160155
TitleTXY5O,38.75243225097656
TitleEG6MZ,42.39805450439453
TitleS8CK2,41.51544799804688
TitleXDTHO,34.4338134765625
TitleY3QME,36.37615051269531
TitleSV0GA,37.18087615966797
TitleXP7EA,37.0783332824707
TitleUUFCT,37.75415267944336
TitleFJN80,35.31682815551758
TitleNY5WX,44.902182006835936
TitleRJ1CV,32.80175247192383
TitleN40KU,40.84911956787109
Title8HF4L,42.22862091064453
TitleWTQHE,37.61993637084961
TitleJ8X0T,49.167311096191405
Title5WYGO,46.064283752441405
TitleOX8KK,35.39081420898437
TitleZPRX1,43.429464721679686
TitleGRFOA,43.002401733398436
TitleV587I,42.177809143066405
TitleKW46K,39.099066162109374
TitleZJ2K4,36.13306655883789
TitleEPO7G,40.124159240722655
Title4KC4G,32.28365173339844
TitleSQ1UX,41.94631805419922
TitleXTSXA,41.36222686767578
TitleN9D7T,42.87968292236328
Title3KSPR,41.91081085205078
TitleBSPVW,46.02495422363281
TitleIZBD7,34.528902435302726
TitleH7U28,38.95239486694336
Title1OE44,40.7438720703125
TitleVT583,37.67066040039063
TitlePLYZ7,37.22195281982422
Title5ELG8,49.575033569335936
Title6021C,38.43959274291992
TitleD6QWR,32.60662307739258
Title25DXW,46.09501495361328
TitleKQ4GN,45.79956665039063
Title212WI,50.771139526367186
TitleBLB0L,40.879171752929686
Title7D9HI,43.314474487304686
TitleEBE82,43.51945343017578
TitleV2GHR,41.30203094482422
TitleNEB47,34.873426818847655
TitleQKO2E,42.514791870117186
TitleC1EPZ,33.08617630004883
TitleW7GAO,43.112120056152335
Title4KKQU,44.40568389892578
Title62W3F,45.12698211669922
Title5P4GX,41.10178985595703
TitleXKYVF,29.712824249267573
Title5P66J,47.942213439941405
Title1EE9R,46.17761077880859
TitleXVCR2,36.80573501586914
TitleK44RW,40.234388732910155
TitleDWYFP,45.76273956298828
Title35K93,43.92385711669922
TitleD6C58,37.31751480102539
Title37QC6,41.729505920410155
TitleEJBN9,37.699118041992186
TitleID60J,50.65130462646485
Title5ZBJ5,39.809523010253905
TitlePCO6B,39.607855224609374
TitleM8580,48.28530731201172
TitleIAQL1,39.09559097290039
TitleWLCXK,32.120977783203124
Title5NO46,38.63142623901367
TitleAI3PE,31.17409744262695
TitlePCQZJ,45.15283050537109
TitleHMKTR,35.67429580688477
Title68F6W,49.67645111083984
Title2SOBE,33.0289176940918
Title6QIWC,36.313742065429686
TitleWO5WW,47.97611846923828
TitleJ6LKX,44.93932952880859
TitleEEWU5,37.196142578125
TitleAX85X,40.66619720458984
Title443L5,51.36370697021485
TitleQC1J3,47.68026580810547
TitleNUPCU,46.26323547363281
TitleGUX97,38.340353393554686
Title5I6VM,40.33535614013672
Title728I0,34.161627197265624
Title96ZGF,34.92972412109375
TitleLU0NA,37.73594131469727
TitleEMAGD,50.11798706054688
Title9H3O7,41.477186584472655
TitleM3CS3,40.89684906005859
TitleP597Y,45.758375549316405
Title01DZ1,39.202677154541014
TitleLNNSR,36.8645881652832
TitleHOIHH,34.532068634033195
TitleGBS9Q,40.151686096191405
Title30FYE,38.4930061340332
Title2SUCH,40.51615753173828
TitleE9XI2,49.50732269287109
TitleDA82X,39.77287902832031
TitleYW8HR,43.031996154785155
TitleJN6AI,40.85496368408203
TitleH2MWB,39.58008041381836
TitleYQVSH,35.026220703125
TitleQRZJP,42.50872650146485
Title24RUL,28.909674072265624
TitleCRE6X,41.25594940185547
TitleR43PJ,43.10484161376953
TitleP2K1E,48.13769378662109
TitleAOBGF,46.9975341796875
TitleHBYUY,37.60645523071289
TitleEVCML,44.132826232910155
TitleZFAPT,38.9749397277832
TitleYIUI7,40.74789276123047
Title1FPQK,46.53844299316406
TitleUJWBW,34.309420013427726
TitleBJYR7,35.19120635986328
Title8JTF1,36.7834358215332
TitleTZA49,35.13731002807617
TitleT1B7R,41.00530242919922
TitleAM3CB,32.54176712036133
TitleWO5ED,34.99892807006836
Title2TMWH,34.852706909179695
Title06VRW,42.77751922607422
TitleYV0UP,40.607078552246094
TitleO4V34,46.27452850341797
TitleFKSK0,40.563255310058594
TitleNEH76,44.94049835205078
TitleAVXZC,33.490489959716804
TitleV60DG,42.25025177001953
TitleUTZ31,39.09428024291992
TitleC2PWK,42.07085418701172
TitleE4HGA,32.92905807495117
TitleS3ZB0,48.15393829345703
TitleIP9KH,35.48745346069336
TitleCGSRD,42.9981689453125
Title5QXSN,44.169471740722656
Title5Y2T3,37.7125358581543
TitleWD6V4,44.16529846191406
TitleXFC6B,48.32640075683594
TitleG41PJ,38.934967041015625
Title8I7VJ,33.44083023071289
TitleCIF2Z,42.955787658691406
Title3V4QG,35.70790100097656
Title73XMP,40.34700775146485
TitleQLI7E,44.83809661865234
TitleQ7I7W,44.15251922607422
TitleJ4DQW,38.75611114501953
TitleKSVLN,33.48192977905273
Title6MJU4,32.11537551879883
TitleAYMCE,33.869327545166016
Title043KJ,38.342811584472656
TitleS0GE1,38.09576416015625
TitleZNARU,45.07439422607422
Title2PJZB,39.91918182373047
TitleP0GZJ,44.62134552001953
Title38AOP,39.631690979003906
Title2FI5G,39.896644592285156
TitleYMGMA,40.628990173339844
TitleAWKNH,42.47571563720703
Title5UDJC,32.810577392578125
Title8O4SI,46.203773498535156
TitleQAJYO,34.680065155029304
TitleV0DBN,34.89651870727539
TitleVZPED,35.900413513183594
TitleO1AYG,35.326160430908196
Title5P39E,43.36536407470703
Title108RD,41.11212921142578
Title1HV11,41.949195861816406
TitleREAXR,45.822654724121094
TitleYHGTP,30.072193145751953
Title1FBD5,33.64841461181641
TitleXIV7E,41.415611267089844
TitleHBD7W,42.07384490966797
TitleSNRI6,42.35020446777344
TitleJNM2W,47.9053726196289
TitleLT4SL,44.43004608154297
TitleAXAZF,37.21614456176758
TitleZWBNC,37.46070861816406
TitleQJ4WL,28.80007553100586
TitleCR7DT,31.99809646606445
Title3NIBO,39.738197326660156
TitleZL24H,40.642372131347656
TitleFQSKJ,51.454383850097656
TitleBNU2C,45.09192657470703
TitleKD877,41.212310791015625
TitleFQJXF,43.80815887451172
Title64GLO,43.5592041015625
TitleMSE5Y,36.79542922973633
TitleQZ49S,37.5601806640625
TitleJ4L5V,43.8535385131836
TitleFNW5B,40.10565948486328
TitleF9B29,33.95599365234375
TitleS1YFA,42.164634704589844
TitleHRIXA,44.78680419921875
TitleQ6MXK,41.67111206054688
TitleSUBDW,37.08315658569336
Title83RZD,43.55803680419922
TitleUZ1WK,40.972068786621094
TitleFXCG1,43.91179656982422
TitleGB31Y,35.046321868896484
Title4V7DH,44.092262268066406
TitleXKJOO,46.1934585571289
TitleL4PKX,40.101966857910156
TitleXJ4U2,44.785743713378906
TitleF5WUU,34.42666244506836
TitleCXS2J,38.46413040161133
Title3E422,48.57587432861328
TitleSA53I,43.30058288574219
Title4TW3L,36.34168243408203
Title2JPQN,44.33184051513672
TitleVGL10,34.605335235595696
TitleC0Z97,47.2974624633789
TitleZWGTT,49.1523666381836
TitleHRY59,46.70751953125
TitleCA0PS,44.7864990234375
Title92JV6,35.388927459716804
Title921U4,41.887428283691406
TitleEE9YB,36.40609741210937
TitleUXYL0,37.693641662597656
TitleU6AP7,43.46661376953125
TitleEMRKZ,36.837799072265625
TitleIR8CL,38.02997589111328
TitleDR4D4,49.13118743896485
TitleI7MHB,44.66950988769531
TitleJYDUH,43.45433807373047
TitleOOHW2,45.545372009277344
TitleAA0K2,38.09338760375977
TitleQI6S3,35.9050407409668
TitleEN5WF,35.714412689208984
TitleASAWY,42.00506591796875
Title0XG83,34.714115142822266
Title7R23W,33.228015899658196
TitleWHX4L,36.9926986694336
Title1ER2Y,42.28065490722656
Title9VTVJ,32.94038772583008
TitleWRVN0,35.77022933959961
TitleN0LUE,44.69921112060547
TitleYXVMN,36.60850143432617
TitleQ0LPL,45.88557434082031
Title56GMA,38.58109664916992
TitleLI03A,41.79048156738281
TitleWZ253,48.9063949584961
TitleLXK51,41.32866668701172
TitleDGNUU,35.10673141479492
TitleMQ41O,36.6133918762207
Title25ZKS,39.730613708496094
TitleNR8HN,37.88821792602539
TitleCPVCW,51.454017639160156
Title8KABP,50.620079040527344
TitleIMHXK,52.356040954589844
Title7HHOZ,45.29369354248047
TitleMGECQ,41.86979675292969
TitleOQU6Q,36.02284240722656
Title3T8Q8,41.68095397949219
TitleH4R55,44.52070617675781
TitleJ69RU,41.91419982910156
TitleC7RYX,33.859580993652344
TitleURF8X,42.061012268066406
TitleJLQ0Y,42.48969268798828
TitleSZL62,40.41382598876953
TitleKP3U7,33.45790481567383
TitleTRE3S,36.868431091308594
TitleN6F2A,44.10980987548828
Title4LFA1,43.46045684814453
TitleNU02U,45.234336853027344
TitleZFXCP,40.67259979248047
TitleMMAZY,39.02382278442383
TitleYNGW5,32.52906036376953
TitleMMDN8,29.8730583190918
TitleJJOCR,29.60218048095703
TitleISH2D,52.00033569335938
Title6OWJL,36.71661376953125
TitleJE4O9,36.55743789672852
Title3Q4OR,33.104110717773445
TitleH0UQK,36.73917007446289
Title5LQOQ,45.81065368652344
TitlePN59V,33.327892303466804
TitleAIMZ4,45.8144760131836
TitleR0HQW,34.02919387817383
Title86L33,45.60533142089844
TitleN7R4T,37.65550994873047
TitleMAO9L,44.393402099609375
TitleY6XA5,37.41587829589844
TitleI8ERD,37.293373107910156
TitleUJYEL,44.6878662109375
TitleKYSRZ,47.35511779785156
Title7RZD6,31.95001220703125
TitleOVNNA,40.31026458740234
TitleXCW6I,45.13203430175781
TitleC700S,44.37013244628906
TitleTV7P4,48.6803207397461
TitleRQ5OT,44.80976104736328
TitleU6ACG,44.62556457519531
TitleP1WHY,44.16504669189453
TitleAJ8XX,44.30208587646485
TitleX99W6,36.322540283203125
TitleY1SAV,38.69966125488281
TitleID0JM,34.68512344360352
TitleLFI9R,41.86392211914063
TitleQ7FOO,41.13115692138672
TitleYLBWY,42.44161987304688
Title8SPUR,35.67926406860352
Title9HRQL,32.079307556152344
TitleUHPKX,52.30548858642578
TitleBLUPD,41.96931457519531
TitleS73N4,34.15902328491211
TitleLHPZC,41.273193359375
TitleKXZVP,38.20426559448242
TitleQ8ZJ5,48.59361267089844
TitleVQ58V,37.065696716308594
TitleRCGOM,46.76581573486328
Title205FL,33.060535430908196
TitleQ0JJA,39.75318908691406
TitleNKJ1P,35.432235717773445
TitleDL5RK,38.73501205444336
TitleDXHHB,43.415992736816406
Title1HO0Y,43.08869171142578
TitleR0GBY,45.78095245361328
TitleGW5DY,43.466835021972656
TitleZ6KT9,32.95338821411133
TitleA5BKG,41.75652313232422
TitlePSZTQ,44.76673126220703
Title3VAP1,38.57175827026367
TitleULTS1,34.27025604248047
Title280ZR,42.15985870361328
TitleW4DV8,37.38132095336914
Title0GAD5,46.07359313964844
Title1N8A6,38.65956497192383
TitleFLH8A,35.30662155151367
TitleH23CM,45.40020751953125
TitleT269F,41.480262756347656
TitleR5U46,36.01308059692383
TitleZEREP,38.95159149169922
Title7HJF4,29.337276458740234
Title8PQZL,36.17901992797852
TitleEGIZM,44.79024505615234
Title408P2,34.925148010253906
Title8GRU3,31.00012588500977
TitleW1T1J,32.3189811706543
TitleJISI6,33.04732131958008
TitlePCZK5,36.39864730834961
TitleR6W9K,40.761314392089844
TitleS398A,35.55191421508789
Title3O3Z7,40.27422332763672
Title76D08,48.41315460205078
TitleNXYVG,36.672306060791016
Title1ZANJ,31.89279556274414
TitleY3W82,39.57286834716797
TitleY7YHY,35.082725524902344
TitleXX8MH,40.63113403320313
TitleUO1RJ,42.2320556640625
TitleW91AR,40.23268127441406
TitleXTQNO,34.97223663330078
TitleKY5CH,38.39025497436523
TitleK5PA7,49.898033142089844
TitleMNYZG,37.40559387207031
TitleFZWCL,39.79143524169922
TitleRTETD,42.219154357910156
TitleRM0AT,35.849937438964844
TitleF2I93,34.77661895751953
TitleCGK0T,36.55169296264648
TitleLDY20,41.16960144042969
TitleG7ASQ,45.868858337402344
TitleQ0LC9,45.96051788330078
Title6F1QJ,43.239601135253906
TitleNV8HX,39.35711288452149
Title5RB1Y,40.29163360595703
TitleZFZU0,33.616416931152344
TitleSV3V8,46.65039825439453
TitleQ0D4D,34.671878814697266
Title1N86W,42.407752990722656
Title96N3Z,40.32630157470703
TitleM1RQ5,43.23875427246094
TitleFZ9P9,37.67219924926758
Title5TEF6,40.43091583251953
Title2JDEQ,45.17253875732422
TitleDT2SJ,47.315406799316406
TitleUH7UE,35.045886993408196
TitleX8GD0,35.95537185668945
Title39FPS,37.76051712036133
Title41VTG,38.256595611572266
TitleGM3Q4,43.54263305664063
TitleJG6EE,32.856773376464844
TitleB59S5,45.763099670410156
TitleM5YGV,36.766056060791016
TitleRDY6Q,33.94122695922852
Title2DZSU,43.69259643554688
TitleQ6AE6,40.27574157714844
TitleXF7WO,32.738876342773445
TitleQUNLH,47.72184753417969
Title3XAGQ,57.30340576171875
TitleTJYTM,47.60973358154297
TitleMXYD9,38.08255386352539
TitleZVEUN,44.93343353271485
Title6I28C,52.05546569824219
TitleJVPCM,33.055992126464844
TitleKMH84,49.176963806152344
TitleUZH7Y,40.79383850097656
TitleJT4D6,30.85470199584961
TitleO6I2Z,37.01099395751953
TitleKJW77,37.376258850097656
TitleIS8WY,34.242794036865234
TitleDBU52,38.237571716308594
TitleX53DD,45.4254150390625
Title2U4U7,50.1351318359375
TitleFIMG6,46.38440704345703
Title84QHN,51.123573303222656
TitleL1CUK,48.98700714111328
TitleCKTYO,41.15814971923828
TitleA3J06,40.56836700439453
TitleSA5JQ,42.273719787597656
TitleVTIQ0,45.47222900390625
Title20LYN,49.74634552001953
TitleLYJHC,44.487152099609375
Title79OW9,34.64324188232422
TitleVDS21,45.26006317138672
TitleL2JEW,37.71989059448242
Title91TMK,44.30712127685547
TitleNQ6UW,41.64435577392578
TitleFZGVV,33.501808166503906
TitleRJCDZ,32.877639770507805
TitleHHBDW,40.666160583496094
TitleSRVI6,40.72042846679688
TitleBKT65,37.97959518432617
TitleVG340,36.66231155395508
TitleJ7HCY,36.3256721496582
TitleZ96R8,41.264549255371094
Title4WUD8,41.26924896240234
Title2BP97,34.69296646118164
TitleD1HSV,40.49005126953125
TitleC2UUJ,34.86532211303711
Title9G7Z7,43.512489318847656
TitleI1KEN,42.47561645507813
TitleKPLT4,35.25345993041992
Title4ZWP5,41.329368591308594
TitleBS0WL,27.938926696777344
TitleKKWCA,30.963214874267575
Title0FU5S,36.58951950073242
TitleE0KRJ,38.94408798217773
TitleVVRFD,36.366119384765625
TitleHT658,40.856346130371094
Title852B3,44.038482666015625
TitleUXIF0,42.594085693359375
Title9JWRB,47.94841003417969
Title8UR96,32.596378326416016
TitleZ7KJ0,35.2444953918457
Title8FJ5H,35.2911491394043
TitleHH06V,42.89405059814453
Title9I3T6,38.43579864501953
TitleF8HC1,36.90645217895508
TitleON8DS,41.46356964111328
TitleSAZ3H,38.16944885253906
TitleDYABC,42.46295166015625
TitleW88NY,42.46044158935547
Title82CIH,36.4239616394043
TitleO56QD,32.996994018554695
Title3MLCN,45.43059539794922
Title7UY6H,36.91650772094727
TitleDNR3M,36.94984436035156
Title7B6CX,42.13072967529297
Title07MM6,41.569580078125
TitleI9IAV,43.47530364990234
TitleYK4LF,41.989112854003906
TitleBQUYG,43.21782684326172
TitleRV8BW,37.2730827331543
Title5ITDB,42.84998321533203
TitleW76GX,40.628318786621094
TitleB729Z,41.47096252441406
Title6YTWX,43.13469696044922
TitleQ8BFC,40.46604919433594
TitleV27SW,52.15391540527344
TitleLDP9Z,45.246559143066406
Title54BZJ,39.347694396972656
TitleK9D3B,38.93363571166992
TitleAAQG7,42.654930114746094
Title2WVH7,37.94361114501953
TitleQMG6A,29.71099090576172
TitleOHTAM,47.64213562011719
TitleV03GG,37.0980224609375
TitleWSZ3T,45.2998275756836
TitleAVXHK,41.77278137207031
TitleVTXCA,29.95741271972656
Title7941F,43.83515167236328
TitleT93VF,36.65129089355469
TitleED8J4,43.941444396972656
TitleBNIB0,37.807395935058594
Title8L2FQ,39.81291961669922
Title013WA,39.708343505859375
Title6U8JD,39.96383666992188
TitleIZ79K,39.07421112060547
Title5PLDW,35.06917953491211
TitleXUBFQ,32.12411880493164
TitleXQ02F,43.9130859375
TitleA12R8,44.91618347167969
Title2CV9B,29.89706420898437
TitleU8E3D,39.667518615722656
Title9PCE2,50.54605102539063
TitleP0FXZ,32.957958221435554
TitleCFQ3K,45.9156265258789
TitleMGDZ8,40.18421173095703
TitleIG909,40.33283996582031
Title6JM16,40.615196228027344
TitleAGWZH,38.65493774414063
Title5DKVV,43.42630004882813
TitleFFUCT,37.48888397216797
TitleGV7XI,42.997406005859375
TitleZL409,43.22288513183594
Title31RSX,34.037654876708984
Title3JEMA,47.44610595703125
TitleZB5U0,37.86880111694336
TitleM109I,42.16094207763672
TitleU7WEV,41.23553466796875
TitleO3PQQ,32.57088088989258
TitleVDD91,40.03931427001953
TitleOJV2K,32.029342651367195
TitlePLWWG,40.19957733154297
TitleBCQIN,41.65131378173828
TitlePKRME,41.7002182006836
Title9IF16,38.95079040527344
TitleNFJJ0,37.73264694213867
TitleS0ZXM,42.27599334716797
TitleVHI07,38.36773300170898
TitleI6DYI,41.69506072998047
TitleZQRIZ,40.355613708496094
Title7APVX,39.425193786621094
TitleHFKTG,44.902000427246094
TitleGUFXV,51.85936737060547
TitleN3VPE,44.022239685058594
Title31RKT,47.142860412597656
TitleY0HVR,35.01472854614258
TitlePQ5SJ,35.150569915771484
TitleWJZHU,36.22918701171875
TitleM49YE,36.219181060791016
TitleUMLYA,38.86238098144531
Title9BHDG,35.39747619628906
TitleBSAAD,43.24269104003906
TitleE0CW3,33.93064498901367
Title73ZNE,35.182849884033196
TitleXZSVX,44.340980529785156
TitleTBE5E,42.92890167236328
TitleXNL80,36.29573822021485
TitleJSMS5,31.061756134033203
TitleQ9F4N,30.564342498779297
Title3PIBO,42.292747497558594
Title9NZL7,44.6865463256836
Title7IIH3,38.73040390014648
Title57ZHD,37.68629837036133
TitleM217C,42.89037322998047
TitleEDOCD,44.19905853271485
TitleMEH6X,43.194969177246094
TitleDUQ23,38.85167694091797
TitleDJKZD,46.45996856689453
TitleK3CB0,31.93105697631836
TitleQDGJS,42.14698028564453
TitleT4ZWO,34.09971237182617
TitleE38OK,36.90414810180664
TitleSQBLU,39.04561614990234
TitleLPIH0,36.401161193847656
TitleEH1XB,34.50722503662109
Title9LMWD,43.48947143554688
TitleIY4JP,49.29812622070313
Title32BHO,43.13127899169922
TitleWRFTS,46.911827087402344
Title6R8YY,45.59593963623047
TitleR4LB9,34.191162109375
TitleE1AWV,42.15083312988281
TitleH7YB1,31.43438720703125
Title719HX,34.67877960205078
TitleESQPM,44.26477813720703
TitleOZOUT,43.21736145019531
TitleXKOLD,36.919525146484375
Title4ZA24,46.27296447753906
TitleLQHNU,44.277381896972656
TitleY9IG8,37.919090270996094
TitleT6ISM,40.06409454345703
TitleA6121,39.8105697631836
Title375P6,45.39830780029297
Title0I86K,40.08214569091797
TitleVIVN9,44.98316955566406
TitleOWJAW,44.884368896484375
TitleBBMUM,39.092552185058594
Title9VFH9,40.18264770507813
TitleR11CX,37.11692428588867
Title82DQ7,31.68545913696289
TitleIVLS7,46.57970428466797
TitleVZIVX,35.71710205078125
TitleMREEV,40.65088653564453
TitleZLTMX,41.74614715576172
Title1KYR7,36.83402633666992
TitleO0AIE,48.3502426147461
TitleBE5HO,34.161548614501946
Title85EPD,33.48363876342773
TitleUAJOX,45.7959213256836
TitleKXLZ1,35.88810729980469
Title6SVNM,39.204673767089844
TitleIJNJZ,38.72183227539063
Title9ZE5W,39.58816528320313
TitleMPJT7,37.52556228637695
Title9A9O6,50.96900939941406
TitleIU0LO,46.53317260742188
TitleVAKQY,41.413185119628906
Title2K1OA,39.77418518066406
Title72SUU,48.43739318847656
TitleH1PWT,43.72539520263672
TitleQY76J,37.34979248046875
TitleKDURS,39.83759307861328
TitleZA3HK,47.259315490722656
TitleYAU4L,49.34845733642578
TitleCYJDK,41.097816467285156
TitleKANYG,31.41757202148437
Title1HQYD,40.345848083496094
TitleZTMJJ,42.252838134765625
Title1L5SN,35.37792205810547
TitleZ5ZYD,42.66783905029297
Title6TYUI,44.334808349609375
TitleBHSPR,33.79456329345703
Title4B3IC,37.45074844360352
TitleH13PD,46.85997772216797
Title9V62Y,36.47933197021485
TitleSAMZQ,42.67754364013672
TitleQALDY,46.59607696533203
Title87TBE,43.46739959716797
TitleAWG5Y,34.33596420288086
TitleYKL1L,34.87246322631836
TitleUXOC3,36.395286560058594
TitleLRKK5,36.71608352661133
Title5IV1R,40.96293640136719
TitleRSLKR,41.69194793701172
TitleNYKLA,29.8676872253418
TitleXU29Q,46.02521514892578
TitleXWKBQ,41.303993225097656
TitleLPACI,41.11608123779297
TitleR9F1M,35.325626373291016
TitleQHTDD,33.4012451171875
Title4FRC1,34.95370864868164
TitleY1IDY,41.44255065917969
Title9RQ55,39.41188049316406
TitleZHCIX,39.944313049316406
TitleOCI7Q,37.31141662597656
TitlePN8Q4,38.38958740234375
TitleAULBR,43.45026397705078
TitleHVKUX,39.09182739257813
TitleMF27R,37.83974075317383
TitleEEMZV,40.411537170410156
Title0DBE8,35.671051025390625
TitleDKL6N,37.28693771362305
TitleK5NCL,40.492469787597656
Title6HL1Y,38.26408386230469
Title9JHMK,35.252227783203125
TitleY9SAK,41.917396545410156
TitleEL816,40.16051483154297
TitleGBPVN,40.49054718017578
TitleBGCH2,33.826133728027344
TitleD338P,34.90173721313477
TitleESWIC,34.5225830078125
TitleHJOQV,36.35957717895508
TitleOU3NF,41.56707000732422
TitleRVK2Q,37.69523239135742
Title80F7S,33.486358642578125
TitleEP4N9,44.81549835205078
Title92JGX,48.40882110595703
TitleLKGP0,31.147602081298828
Title1T6W8,41.62812042236328
TitleUBYP7,38.65290451049805
Title27VTQ,40.96685028076172
TitleUGIJV,45.32324981689453
TitleK9KZ8,33.708370208740234
TitleDE9J9,37.77215194702149
Title9BIKV,42.40214538574219
TitleL4JQC,44.173301696777344
Title8X1FT,32.740673065185554
Title8XQ8J,31.487533569335934
TitleHDQKC,41.683250427246094
Title2NJU1,42.57882690429688
TitleJSQUT,37.765846252441406
TitleX0SS2,43.13945770263672
TitleO64ZW,49.19570922851562
TitleODYJX,34.04808807373047
TitleX2GH0,37.771820068359375
Title3R3GZ,47.375389099121094
TitleIPLGP,43.55097198486328
Title2ML34,30.75550842285156
Title9IOB9,46.71490478515625
Title9E343,38.91770935058594
Title3RKQV,36.9263801574707
TitleAEYIF,30.593921661376953
Title1ZZK6,36.73701095581055
Title9248W,57.25035858154297
TitleOTY4L,44.05657958984375
TitleNIEBG,42.98733520507813
TitleJ5RYP,42.810462951660156
Title58W1F,42.02147674560547
TitleJW6MX,35.23130416870117
Title1NU6J,37.298770904541016
TitleAA8Q4,31.136459350585934
Title0ZIU0,40.777488708496094
TitleRWTCH,35.61603927612305
TitleZMHRB,40.025672912597656
TitleTWH5D,44.28771209716797
TitleQ2TLG,44.86597442626953
TitleITK46,44.84306335449219
TitleR8ZKN,43.751068115234375
Title0UAXO,46.34039306640625
TitleM7ZNX,37.30057144165039
TitleUT7Z4,39.70500946044922
Title2GENZ,34.383010864257805
TitleTOSC0,37.64841079711914
TitleN3HOJ,39.24938201904297
TitleA9OBP,45.55728149414063
TitleX9YLI,44.73652648925781
TitleRGN7H,41.67866516113281
TitleQ87RT,36.53231430053711
TitleG8IJX,39.82978057861328
TitleQ28IV,41.04058074951172
Title2B84M,41.048095703125
TitleHNM1N,41.36631774902344
TitleJ7ALN,40.58751678466797
Title1F9JY,47.15562438964844
TitleMLWOG,37.45433044433594
Title4KT4G,44.2972412109375
TitleSIYFQ,39.34422302246094
TitleKTRH7,40.17224884033203
Title4ZEAS,33.36041259765625
Title58LHK,48.17952728271485
TitleCMDBW,41.20123291015625
TitleB05O6,45.5758056640625
Title2RBG8,47.071998596191406
TitleZPMLT,39.97077941894531
TitleNCT73,44.93920135498047
TitleRH0CG,43.973411560058594
TitleM81TL,35.34682846069336
Title59KR5,42.30937957763672
TitleX5F33,36.34603500366211
Title177J6,41.94683074951172
Title48NBL,43.3770751953125
TitleAB617,34.219348907470696
Title2ASW6,41.55408477783203
TitleRY53W,45.02355194091797
TitleDO4IN,33.51871109008789
Title1IFKE,41.053443908691406
TitleK6SAM,37.66606521606445
TitleHHZ3W,36.33941268920898
TitleZSO2H,42.40550994873047
TitleK5HUB,44.26828002929688
TitleQ2CQP,39.10582733154297
TitleP1P2T,36.76537322998047
TitleVAP78,42.194252014160156
Title1ZFZP,44.37047576904297
TitleLKNOQ,44.609222412109375
TitleF5M2L,42.038536071777344
TitleA3JWQ,37.5870246887207
TitleKLE8B,47.133262634277344
Title24VWF,43.20295715332031
TitleY8ZBM,38.571590423583984
Title9PULP,29.97013854980469
Title3NPEW,46.7060775756836
Title91S6N,34.70304107666016
TitleLG9SG,37.26336288452149
TitleXFDU5,32.77966690063477
TitleAZCMZ,36.667640686035156
TitleFNCL9,46.595924377441406
TitleZ71MW,45.314125061035156
TitleYPV5U,35.16741180419922
Title0PFVJ,44.32684326171875
Title2J7WR,35.41530227661133
TitleF9TI2,38.56396865844727
TitleAB70M,36.00815963745117
TitleDCD90,34.371570587158196
Title4N8HW,37.00471115112305
TitleF5ZFB,33.22446823120117
TitleJ2AV8,34.57373046875
TitleF5C7V,41.29389190673828
Title9HEI4,37.71628952026367
TitleV64ZC,47.94682312011719
Title5QX7S,36.84666061401367
Title7D6RK,47.32097625732422
TitleA6QC4,32.65185165405273
Title1JMO7,36.98151779174805
TitleFJD5Y,36.45088577270508
Title4J8LW,41.85997009277344
Title5YI5T,35.01017379760742
TitleVNV55,37.357322692871094
TitleCSCQX,42.387168884277344
TitleAZKWI,34.676441192626946
Title1AJ2I,40.862876892089844
Title322DK,38.71176528930664
Title9HAQC,46.858131408691406
TitleRHZ7L,41.54279327392578
Title0CZQQ,45.85272216796875
TitleLVY1J,37.90791320800781
TitleACDIX,38.4256477355957
TitleHQM9M,33.22377395629883
TitleX0MK0,41.32417297363281
TitleV8X3S,42.547035217285156
Title2EZYK,36.25244522094727
TitleHHNNF,46.330543518066406
TitleYOYAO,51.610511779785156
TitleIQ98O,41.076080322265625
TitleIHZ2E,39.82341766357422
TitleZ5J52,31.058448791503906
TitleRGHOI,37.70994567871094
TitleIAGU0,32.527671813964844
Title023FO,42.391273498535156
TitleVXYK8,31.85300064086914
TitleOMDNT,34.98610305786133
TitleCZN3X,37.453086853027344
TitleOY6SX,42.02587890625
TitleR4ON4,39.90216827392578
TitleWUK8H,39.99852752685547
Title9CMQT,36.36487197875977
TitleW3LFX,36.87606430053711
Title2GITH,43.057373046875
Title19E6A,51.43804168701172
TitleYOECY,37.140869140625
TitleAZSA4,42.02001190185547
TitlePN4UR,49.228233337402344
TitleY4YQV,37.20997619628906
TitleORBJ6,44.204673767089844
TitleYD7LT,42.90031433105469
Title8SL16,44.890846252441406
TitleXI1UQ,35.67170333862305
TitleL581I,38.38077926635742
TitleH91AX,38.86722183227539
TitleLKVIM,38.83966064453125
TitleWAUBR,41.98126220703125
TitleUHMTR,40.285980224609375
TitleZUF5M,43.09020233154297
TitleJ9J8L,48.878089904785156
TitleDYYCE,35.637813568115234
Title8N7XI,37.39776992797852
TitleAWLB2,43.118797302246094
TitleXXJ1K,37.6935920715332
TitleZF0SP,44.10673522949219
TitleWZ08A,32.044979095458984
TitleRHL71,36.8895263671875
TitleTYKX4,46.22350311279297
TitleD3RDH,39.95095825195313
TitleDXUPU,41.34768676757813
Title5L2C4,39.18852996826172
TitleSBS1A,49.40693664550781
TitleQO1HA,41.06658172607422
TitleF1GCQ,35.79656219482422
TitleN9TKA,40.009124755859375
TitleO08LI,39.85627746582031
TitleKDNOY,36.762962341308594
TitleAIU0F,34.1251220703125
TitleIFVXB,30.83923721313477
TitleT5EG9,39.93746948242188
TitleYOP1K,39.11432647705078
Title2QY9H,39.94725799560547
TitleAEVPT,31.802364349365234
TitleAAW85,45.11804962158203
Title6NA9A,43.357521057128906
TitleY8YY5,34.333927154541016
Title0UG9L,37.82723617553711
Title1ID54,33.45928192138672
TitleSMXVA,43.294700622558594
TitleIZDBA,31.96057510375977
Title975KB,39.07970428466797
TitleECHPD,38.86383438110352
TitleOBCLV,34.527587890625
Title68J6T,45.40258026123047
Title4S2QY,45.84999084472656
Title5JGSD,46.542152404785156
TitleALTXY,39.875099182128906
TitleCWGFU,37.716392517089844
TitlePHHD0,40.474609375
TitleKWFTK,44.157958984375
Title475DZ,42.851051330566406
TitleMTJM7,43.41018676757813
TitlePF61Z,49.5328140258789
TitleBJ2ER,40.606788635253906
Title50LYV,44.912994384765625
TitleH3HUJ,30.20515441894531
Title7IMHP,36.770362854003906
TitleCMKW1,36.73718643188477
Title933SF,42.44635772705078
Title7YS1E,30.085132598876953
Title7EGA7,41.65833282470703
TitleLA7DV,37.32965087890625
TitleDL0DO,47.087684631347656
Title3NZJ5,40.292945861816406
TitleZGOLB,39.27769470214844
TitleLMEVA,49.461463928222656
TitleFP0TV,39.239837646484375
TitleFMIE8,45.482337951660156
TitleJJHXW,46.85091400146485
TitleTVRI1,36.15283584594727
Title3XYTX,45.852210998535156
TitleRE4WS,44.77801513671875
Title3QVNA,41.09889221191406
TitleCUD6G,36.70309066772461
Title1Z5EF,42.04771423339844
TitleEMZJH,34.163986206054695
TitleMIMHZ,36.06027603149414
TitleE3N7P,34.04808807373047
Title9CD16,38.90308380126953
TitleDOTV0,46.41010284423828
TitleS7YMO,35.428550720214844
TitleH9SN9,32.518321990966804
TitleYPB2B,41.91873168945313
Title0XTGZ,34.60058212280273
TitleHR7DD,36.80484390258789
TitleCQ4UW,39.73334503173828
TitleZFYTR,33.92725372314453
TitlePW097,31.64401626586914
Title6U3HV,42.378578186035156
TitleB1B6J,49.19842529296875
Title3UAB7,35.97972869873047
TitleY3U4X,39.66954803466797
TitleEXMHJ,38.9840202331543
TitleZSF9E,40.18510437011719
Title6Y3XE,46.34912109375
Title7QMJP,40.08061218261719
TitleU9T6A,45.85570526123047
Title9WJB9,48.20416259765625
TitleF0ADH,37.77982711791992
TitleL28X4,34.062057495117195
Title09SLQ,28.32253646850586
TitleGLYDJ,42.69514465332031
TitleQIR2V,46.57237243652344
TitleD0VTL,38.811283111572266
TitleT7QID,41.254005432128906
TitleNGUQY,44.92794799804688
TitleG86YF,36.355716705322266
Title23IO7,36.66287231445313
TitleWQVEK,48.01937103271485
TitleQPHUH,32.73321533203125
TitleKP4G1,45.43231964111328
Title5R18L,43.77918243408203
TitleJRGCZ,36.5445671081543
TitleQ9PBW,38.90436935424805
TitleROHOK,39.666893005371094
TitleXNCK8,44.335350036621094
TitleP6VI0,43.45833587646485
TitleRV2GZ,40.48696899414063
TitleI0P27,37.37288284301758
TitleMM4KT,29.432247161865234
TitleB9XZ4,39.513763427734375
TitleJBD8E,36.36787796020508
TitleO5VGC,30.95482635498047
TitleX32XH,42.53630828857422
Title1U11U,43.145957946777344
TitleLML3B,35.912532806396484
TitleO00RJ,45.75292205810547
TitleSN96Y,48.70117950439453
TitleKA948,31.055477142333984
TitleCVPNF,39.29768371582031
TitleFWMH1,29.027484893798828
Title2PTU0,41.62641906738281
TitleN7CXE,32.633655548095696
TitleH6PYI,38.50414657592773
Title1WBHS,43.86276245117188
Title9BDFO,34.20116806030273
Title2RE9J,38.7585334777832
TitleO3Q5A,49.81279754638672
TitleDRRFS,47.13048553466797
Title5KQ3S,45.44039916992188
Title48Y85,45.14549255371094
Title59YN5,44.07444763183594
TitleEMYF9,40.09651947021485
TitleC5GU4,28.445964813232425
Title4VATZ,40.0234603881836
Title7NA9H,32.78098297119141
Title92PQJ,38.86393356323242
TitleW302Q,47.25135803222656
TitleD00ZR,35.083141326904304
Title70LI7,41.727821350097656
Title2QB21,34.94160842895508
TitleNUPWA,45.54712677001953
Title5E9TK,40.64887237548828
TitleBQICI,42.183067321777344
TitleMKTT7,38.772438049316406
Title53X6Z,39.50753021240234
TitleT3R1J,41.81640625
TitleQ3FS0,36.170711517333984
TitleURBH7,32.04842758178711
TitleJLPX0,35.81342697143555
TitleSM0HS,47.730934143066406
TitleJ2GWX,43.73187255859375
TitleNAF56,35.171092987060554
TitleY5HE7,45.80866241455078
TitleBJ7S9,45.754249572753906
TitleG2N7R,38.460350036621094
TitleOFK5C,44.50672149658203
TitleII03Y,42.14692687988281
Title0K217,33.46846389770508
Title0K59O,48.241111755371094
Title8NITG,37.005218505859375
TitleKVY3W,32.852672576904304
Title6CDRU,41.126556396484375
TitleCER71,40.35934448242188
TitleSVC9G,35.8545036315918
Title33K91,39.712745666503906
TitleTZXYI,35.53979110717773
TitleU5X9V,33.76455307006836
TitleGVZWF,32.54449462890625
TitleDMING,45.59990692138672
TitleKLOX9,33.350215911865234
TitleFR2ZC,46.88456726074219
TitleN3TYW,47.72264862060547
TitleVS1Y6,44.49109649658203
TitleHJOH7,42.50688171386719
TitleD9TXZ,47.823448181152344
Title9EPDE,35.39765930175781
TitleRKYAC,46.20091247558594
TitleLMZ1H,49.68257141113281
TitleLDSLR,40.73955535888672
TitleBMT80,41.33110809326172
Title5E40D,43.448829650878906
TitleDVNA5,40.13600158691406
TitleH21KX,36.28933334350586
Title6EWP1,43.94458770751953
Title0FQTT,41.74989318847656
Title3QXI9,48.53551483154297
TitleVEJGJ,46.96741485595703
Title982EA,47.46862030029297
Title00Z6Y,36.26376724243164
TitleRJK37,30.599811553955078
Title7M9YB,38.855125427246094
TitleX21QG,30.452579498291016
TitleP1LW9,38.64270401000977
TitleWH5JN,31.37710952758789
TitleMDJBN,34.53194046020508
Title0AM7W,33.534839630126946
TitleON9VQ,49.070350646972656
Title1M5HJ,37.23514938354492
TitleGAIPV,37.3471565246582
TitlePU8YK,39.12194061279297
TitleT48HB,46.10289764404297
TitleRFQM2,37.066444396972656
TitleSYGAW,36.39693832397461
TitleBH0VD,42.658103942871094
TitleWF5UF,33.325820922851555
TitleG4KL3,46.47142791748047
Title88KT3,36.65261459350586
Title0YJOF,42.1142807006836
Title44M2Y,43.33528900146485
Title2SQHX,46.88275909423828
TitleNBDFJ,47.79685974121094
TitleE01MZ,43.82392120361328
TitleDO9SK,33.866729736328125
TitleYYTTB,34.76041030883789
TitleUO38W,44.21492004394531
TitleCB4WC,42.56614685058594
TitleCY39N,48.05121612548828
Title4T9TO,37.38162612915039
Title8POD5,37.46326446533203
TitleHK0BF,38.46796798706055
TitleDNSAF,43.774879455566406
TitleYGX7S,38.97912979125977
TitleH0QO0,45.57328796386719
TitleA8V1T,43.74983978271485
TitleWKEZP,44.94026947021485
Title6DUW5,46.24554443359375
TitleNC7PU,46.41932678222656
Title8PB1R,38.57783126831055
TitleTIE51,33.794815063476555
TitleY8A1C,30.29983139038086
Title6K5J4,39.12407684326172
TitleNB01M,41.40117645263672
TitleNJJ4A,36.33588790893555
TitleYB0J7,32.866405487060554
TitleXOHHA,42.54857635498047
TitleZVMQ2,31.99378204345703
Title0SZNQ,33.778472900390625
TitleRQ0LY,33.07484817504883
Title8F271,31.58517837524414
TitleXQ1VJ,38.78064727783203
TitleRY9PW,38.6888542175293
TitleD2PQJ,39.35916137695313
TitleW5UO5,38.97412490844727
TitleOXCQI,34.722118377685554
Title5FVH9,44.273582458496094
TitleDAP2Q,43.46686553955078
Title8UT4U,34.17716217041016
TitleZ57ZP,41.07389831542969
TitlePL2LF,34.703842163085945
TitleS6JJC,41.71293640136719
TitleM4TAB,40.06108093261719
Title1RN6T,41.229148864746094
TitleI86XF,30.152603149414066
TitleTYSUA,42.680030822753906
TitleUG3QH,37.110755920410156
TitleI4O1J,42.64672088623047
Title7NIO5,44.93824005126953
TitleZ3MF1,37.256935119628906
TitleX3IV6,45.66033172607422
TitleNOCNZ,37.9134407043457
TitlePCY3C,36.04720687866211
TitleKZ7TL,37.22122192382813
TitleH5282,43.85546112060547
TitleDPKCW,37.73885726928711
TitleQHFL7,37.5457878112793
TitleVI5LB,39.95677947998047
TitleMH112,41.89789581298828
TitleLKN5K,45.29351043701172
TitleIJ2I5,36.99424743652344
Title0ZLP6,39.573326110839844
Title0K4PP,38.29211044311523
Title44ZW0,47.645790100097656
TitleP610W,47.29120635986328
TitleBN2FZ,38.46578598022461
TitleIAZXQ,37.38321304321289
Title2N7I0,37.826942443847656
TitleEWZ0I,37.89360809326172
TitleW6T9C,38.190242767333984
Title2XNIX,45.14081573486328
TitleHMFD3,39.889503479003906
Title72UTS,34.625743865966804
TitleG78PL,45.366371154785156
TitleAF256,39.20928192138672
TitleDPNW9,37.64929580688477
Title41L4W,32.902347564697266
TitleLICVD,37.59872055053711
TitleN44AZ,39.295997619628906
TitleDRALY,33.861892700195305
TitleDMT11,43.24646759033203
Title4ATTT,40.203514099121094
TitleLE5PR,31.82429504394531
Title50PKJ,34.08729934692383
Title6XUBF,41.771446228027344
TitleNISFK,46.18157958984375
TitleB0IUQ,35.184791564941406
Title5TADF,40.52204132080078
TitleFR37S,30.76713562011719
Title089DL,47.44357299804688
TitleP66TX,40.023040771484375
TitleACX2I,48.983070373535156
TitleGIA9P,37.089168548583984
Title797F9,41.70339965820313
TitleAX69B,43.48088073730469
Title7GLBO,43.52558135986328
Title1CMC4,47.42254638671875
Title9T7UA,40.228065490722656
TitleMGDXO,41.846839904785156
TitleZD3D5,46.71762084960938
Title1H9P5,38.41770553588867
TitleW2581,39.20575714111328
TitleF698Q,40.507408142089844
TitleUPPES,36.47146987915039
Title7RFRU,42.09320831298828
Title47TZG,34.569896697998054
TitleGDWO6,37.95611953735352
TitleCP8LA,39.80669403076172
TitleQ6OK6,29.24337387084961
TitleHH40S,47.7169189453125
Title7U4FB,42.71009063720703
TitleZNY1X,43.57788848876953
TitleFOX2L,38.743919372558594
TitleBV2OI,35.1490478515625
Title6FDM3,37.29567337036133
TitleW9RRC,30.37878799438477
TitleQVDQ6,44.49742126464844
Title7AJXS,36.21063995361328
TitlePRD8L,44.583831787109375
TitleU6LVE,37.46945190429688
TitleQ94KP,43.72399139404297
TitleG7EA3,40.10016632080078
Title23V3R,32.74282455444336
TitleWH83M,30.17776107788086
TitleZT7IS,36.88504409790039
TitleE4LN6,40.37651062011719
TitleI1NZN,38.52828979492188
TitlePYUSE,46.77134704589844
TitleN43XI,38.12030029296875
TitleRMEXM,45.30210876464844
TitleMFQKI,36.95860290527344
TitleWD36X,45.542030334472656
TitleL6DQ8,36.91012191772461
TitleW8S9B,35.01991653442383
Title7QAV0,41.032081604003906
Title1BNP4,34.149078369140625
TitleW7NTM,43.04267120361328
Title7VCYO,44.65007019042969
TitleORDFV,44.8642578125
TitleOTAI0,34.720802307128906
TitleGWTKF,40.678504943847656
Title6IWVE,34.680843353271484
Title6037P,32.502853393554695
Title49OUK,34.13613510131836
Title6QU1Q,33.50341796875
TitleG8NXX,37.90260696411133
TitleHGNI5,32.536571502685554
TitleI15H7,34.31893920898437
TitleYTG6A,44.339134216308594
TitleZSJC8,53.02558135986328
Title3ZGDR,37.55669784545898
TitleR6M7G,43.85255432128906
TitleTUZMT,42.88916778564453
TitleHKIY4,38.67470169067383
TitleAV8ZD,44.65723419189453
TitleK1ZJK,39.901893615722656
TitleMAEQD,42.819419860839844
TitleVPKN4,47.5181884765625
Title2IRBG,32.49953842163086
TitleB5F4T,42.71215057373047
TitleZ9EFX,33.896717071533196
Title6ZEKF,38.49663543701172
Title07DWS,39.84839630126953
TitleU4JDP,42.93297576904297
Title6SHHD,31.488384246826172
TitleHBWI9,41.37810516357422
TitleGAIRZ,47.15973663330078
TitleIG32W,35.772274017333984
Title12SLE,40.847068786621094
TitlePGD0X,34.242504119873054
Title05KWT,44.41258239746094
TitleCVXCO,29.96186828613281
Title6N8EC,42.613914489746094
TitleIFI2W,40.38655853271485
TitleRNZAN,37.65080642700195
TitleSTP0N,39.22666931152344
Title353HB,35.44624710083008
Title6E9CF,40.0254135131836
TitleR3L72,42.37477111816406
TitleD2CSJ,32.96433258056641
TitleW9RDL,34.15985870361328
TitleR205P,34.68395233154297
TitleCT4IC,36.13075637817383
TitlePGH8X,39.98963928222656
TitleDM68Z,43.30420684814453
Title29DVL,36.24620056152344
TitleS90MD,46.59880065917969
Title2MII0,35.160892486572266
TitleUNRSP,36.53731918334961
TitleN3WKB,41.634620666503906
TitleV2E67,46.19171905517578
TitleFKWIR,34.33341217041016
TitleIK899,48.46245574951172
TitleV2CTC,35.59384155273437
Title34J4I,32.286739349365234
TitleUVKGI,48.02264404296875
Title92X93,34.727405548095696
Title5YS9U,40.19994354248047
TitleYVIJW,42.04295349121094
TitleF7578,37.19501876831055
TitleUH8ZZ,41.59039306640625
TitleIWBQZ,42.09583282470703
TitleWYPBG,43.02317810058594
TitleJMIYB,43.440956115722656
TitleXU1HX,37.568790435791016
TitleC3Z5W,41.874114990234375
TitleETMER,37.4216194152832
TitleHSBKJ,36.15346908569336
TitleYIQZ2,43.91897583007813
TitleW1ON9,46.667701721191406
TitleLP7PK,42.63286590576172
Title8VA0E,43.27843475341797
TitleBAWPB,49.5973129272461
TitlePQ1LB,43.13417053222656
Title9BRV6,37.55936813354492
TitleJUKA7,39.95641326904297
TitleQ65CJ,34.52000045776367
TitleBOJWQ,33.879714965820305
TitleU7RSC,40.79631805419922
TitleOWURI,31.801815032958984
TitleOE6AS,45.14813995361328
TitleMBBS1,43.862876892089844
TitleM1HKD,42.20264434814453
TitleGAVCJ,49.95507049560547
TitleE21NV,41.98688507080078
TitleEN056,33.520137786865234
TitleQRXCS,41.647552490234375
TitlePZTC6,46.98257446289063
Title5Y5W3,35.034229278564446
Title4CYVQ,43.132225036621094
TitleB6BI2,42.155189514160156
TitleW4TC6,38.6074104309082
TitleWIETD,38.01030349731445
TitleSKV0E,43.04033660888672
Title20EBE,44.07721710205078
Title6EPNM,30.457416534423828
TitleWM5AJ,30.95276260375977
TitleD41S4,43.735206604003906
TitleZOR84,39.91790771484375
TitleEABKA,38.78654098510742
TitleZLB8C,35.091392517089844
Title7R8KZ,43.88731384277344
TitleH8FIQ,40.091087341308594
TitleMKIM4,34.70166015625
TitleQM62M,36.69209671020508
TitleEKK3G,49.35745239257813
TitleY22DA,35.11417770385742
TitleMKO4Z,34.034988403320305
TitleDCVTS,40.25192260742188
TitleCEYQC,47.4605484008789
TitleCDBOX,41.591392517089844
TitleEORA1,46.93671417236328
Title2BAIR,36.83402633666992
TitleT1XSZ,39.66625213623047
TitleHPQPB,41.459205627441406
Title876D6,48.037513732910156
TitleFL87W,47.802528381347656
TitleJFW2L,44.508445739746094
Title6ETEZ,33.039783477783196
TitleH1E78,45.94882202148438
TitleQYOJJ,42.11717987060547
TitleQL8HE,41.234466552734375
TitleZT3Q8,39.47557067871094
TitleTZWKL,47.8994369506836
Title7M6WY,31.87356185913086
TitleYM8T9,38.27074432373047
Title785GK,42.94976806640625
Title5N8TI,45.1409912109375
TitleUH7N5,40.50524139404297
TitleGG5O3,44.19501495361328
TitleKVU1H,40.0654296875
TitleWK7OQ,49.20944213867188
TitleQ8GET,34.884017944335945
Title6QMQ2,36.6026725769043
TitleZRLPI,37.84319305419922
TitleHQOJX,43.756446838378906
TitleBWVPD,45.430931091308594
TitleBCHD2,34.93787384033203
Title64G3U,34.383419036865234
TitleW2FJH,43.59294891357422
TitleVC0G9,31.35821914672852
TitleP5UAW,33.302528381347656
TitleNZ29W,47.26880645751953
TitleJKOIP,36.303016662597656
TitleJW57A,47.91474151611328
TitleM9PH0,39.414772033691406
Title0KKRY,44.58362579345703
TitleCVUZS,37.9255256652832
Title6MQXH,31.339813232421875
Title63N52,49.361061096191406
Title9R4QJ,41.83155059814453
TitleTQAG6,31.55451583862305
Title4DYBD,46.35227966308594
Title0DGLT,49.54041290283203
TitleEDT5D,48.17654418945313
Title89EJJ,40.816551208496094
TitleQRHV4,44.158348083496094
TitleTL8TV,43.50348663330078
TitleJ5XQU,43.55519104003906
TitleXELRZ,41.450645446777344
Title65YIV,42.75566864013672
TitleZ56L4,40.57012176513672
TitleWJU2L,43.80204772949219
TitleSQI25,39.044822692871094
TitleCWV72,33.928585052490234
TitleHV0G3,35.62519073486328
TitleEWB0E,41.13704681396485
TitleG09TB,45.07536315917969
TitleSXKMN,34.231334686279304
TitleK6ZPA,43.17072296142578
TitleGE5XP,41.71468353271485
TitleYBVTC,35.41866683959961
Title26GJJ,41.765174865722656
TitleC8QVY,35.25289535522461
Title373LX,30.99997329711914
Title4BQM0,42.43474578857422
TitleKIH6U,46.52824401855469
TitleYNDC7,41.88238525390625
TitleV26B8,45.720375061035156
TitleT7E70,36.02470016479492
TitleBTM08,40.14960479736328
TitleED1WD,37.14256286621094
TitleCTHSR,40.55829620361328
TitleJYFJB,42.31317901611328
TitleIK2Y3,39.270355224609375
TitleAP6X5,42.313720703125
TitleIMIXB,35.89856338500977
Title8AEMM,42.97724914550781
TitleH9JV2,41.01321411132813
TitleZRT1P,37.77148818969727
Title58T6W,41.612937927246094
TitleOSF13,41.961570739746094
TitleKCU06,46.70811462402344
TitleXY39W,36.36796951293945
TitleFJW2F,36.646183013916016
TitleYE2BG,41.189048767089844
Title29M36,46.56395721435547
TitleH04BX,43.78321075439453
TitleLZ8O6,38.35978698730469
Title7UF4N,37.20951843261719
Title4PV8C,49.20874786376953
TitleN08R7,43.359962463378906
TitleTND66,45.916175842285156
TitleQIO3U,42.75969696044922
Title3PDJ0,34.148372650146484
TitleEVNEJ,41.58647918701172
Title0JXLB,40.99298858642578
TitleSST1A,45.56957244873047
TitleW4RI9,33.460487365722656
TitleUCX3N,46.85400390625
TitleEA9MG,44.94890594482422
TitleCNW0A,44.90532684326172
TitleRE4FM,39.15491485595703
Title2N282,33.210567474365234
TitleVR7UT,38.04906463623047
TitleUWZIY,34.19699478149414
Title3A64B,36.93511962890625
TitleRBCFJ,44.32097625732422
TitleNYTFH,42.71977996826172
TitleBGRFC,42.59135437011719
TitleWWJ6X,38.75170516967773
TitleNK350,42.941986083984375
Title1N1II,51.86302947998047
TitleM1UE9,43.07146453857422
TitleHYQT7,33.17433547973633
TitleG814W,39.15668487548828
TitleB0PMY,30.20056915283203
TitleBBUFI,42.17870330810547
TitleG5VSK,34.46926498413086
Title5RUV3,40.46635437011719
TitleSEV42,42.8198471069336
Title438K1,40.581321716308594
TitleUZ3DI,35.86589431762695
TitleHT479,36.57670593261719
TitleKBBTU,42.43965148925781
TitleEV9GF,36.01003646850586
TitleKRMRZ,47.18687438964844
TitleBB3E1,33.563552856445305
TitleC6G9C,41.48314666748047
TitleVBED8,39.54844665527344
TitleBICN0,39.47107696533203
TitleIOVVV,36.82923126220703
TitleQRU5M,36.09395980834961
TitleL5J9W,29.910083770751953
TitleKAYDU,34.023632049560554
TitleS74OE,39.45714569091797
Title7X8D0,36.2425651550293
Title4TXOJ,38.37125015258789
TitleAI24X,39.99895477294922
Title7WRG6,40.790863037109375
Title2BHH1,46.623207092285156
Title5Q95N,32.95255279541016
Title31YAI,35.69779586791992
TitleJ2D0S,40.844337463378906
TitleATXPL,37.90927505493164
TitleT46RS,39.01762390136719
TitleX7JJE,37.25590896606445
TitleS1BAY,37.5582275390625
TitleAELWU,46.932334899902344
TitleSYDI4,38.63429641723633
TitleQVPSC,38.31121826171875
TitleQSNGK,40.146400451660156
TitleJZOKZ,41.63379669189453
TitleDJ0MS,41.21276092529297
TitleMTTRN,33.46961212158203
Title8E50X,45.13880157470703
Title1EW9T,35.38729476928711
TitleUQVUM,44.34667205810547
TitleWVYG8,37.58265686035156
TitleHTUKM,40.90240478515625
TitleIYOUQ,36.929481506347656
Title11T9M,45.166969299316406
TitleBSUA5,41.03778839111328
Title1QXPN,43.01464080810547
Title1NYOF,40.21662139892578
TitleIHHFR,36.52632522583008
TitleQYFNT,37.98447799682617
TitleVH335,33.901782989501946
Title1PTQJ,30.45048904418945
TitleQEZ5P,37.15534591674805
TitleCVH6V,35.65364074707031
TitleTC6OH,42.50022888183594
Title6R7VX,46.90768432617188
TitleMYCRA,39.1466064453125
TitleITC20,36.97110366821289
TitleCY245,40.892189025878906
TitleO09DL,29.72813415527344
TitleZQGIB,39.89923858642578
TitleJS6ZB,43.7842025756836
Title0GRHA,38.98684692382813
TitleGQJU7,32.87040328979492
Title3XO7D,44.60197448730469
TitleKZCMH,36.80882263183594
TitleUDKQ1,34.777530670166016
TitleIPVDH,37.88986587524414
TitlePF3W3,40.22705078125
TitleCLRD7,39.07350158691406
Title8UJDQ,42.12822723388672
Title5DNSM,36.99946594238281
TitleO56F5,40.29925537109375
Title2K05N,46.3853530883789
TitleHQL6Q,42.398963928222656
TitlePOL75,37.12833786010742
TitleH149Z,32.80495834350586
TitleGPKAD,37.19059371948242
Title7QHF1,42.4654541015625
TitleK52R1,45.762428283691406
TitleGBD4N,44.11260223388672
TitleUWIF4,40.32714080810547
TitleK650G,33.482837677001946
Title2J3RP,50.39761352539063
TitleFM63F,30.77379608154297
Title2H7IY,39.69676208496094
Title1LVHT,35.97452926635742
TitleD9415,39.956825256347656
TitleI4YA3,33.28960418701172
TitleZGBPH,47.15831756591797
TitleEX9NJ,50.189170837402344
TitleGADOR,42.64967346191406
TitleA63P3,42.96746826171875
Title45VUD,36.72651290893555
Title5NV8S,34.066883087158196
Title3V1YD,40.3486557006836
TitleSALYL,40.17205810546875
TitleGFAC5,39.468894958496094
Title089HE,37.40137100219727
TitleDL9GJ,47.74293518066406
TitleUHTM4,44.03450775146485
TitleT6597,38.78640365600586
Title4JXJP,38.2247428894043
Title10CGL,46.347145080566406
TitleR230U,41.59918975830078
Title0XBLE,52.399192810058594
TitleRTKQ1,34.92836380004883
TitleCB5C1,40.96318054199219
TitleIG6QE,36.91850662231445
Title3Q3HJ,35.38876342773437
TitleVC5GO,39.01386260986328
Title9MRRH,43.00418090820313
Title6KYB0,47.01931762695313
TitleNPO27,43.86492156982422
Title2L8OW,42.19982147216797
Title5UTR7,31.888324737548828
TitleDXK1W,31.566707611083984
TitleOLE7C,44.68209838867188
TitleXL6Z6,47.786659240722656
TitleCAA9S,40.53315734863281
TitleS1Y5O,37.46067810058594
TitleXMATD,37.12628555297852
TitleKWA72,48.49497985839844
TitleENUVN,36.6968879699707
TitleBW1EW,35.98666381835937
TitleHQ967,47.562843322753906
TitleVGANC,38.82109451293945
TitleOTR0Z,41.27466583251953
TitleS7HU7,39.47161865234375
TitleNQJH0,45.915016174316406
Title8HXM3,38.80932235717773
Title61N9H,40.07930755615234
Title8FDTI,42.238914489746094
Title3FCY5,39.46308898925781
TitleOLVPE,44.01727294921875
TitleWFDXU,45.37344360351562
Title0YDK4,36.55451583862305
TitleBM1J1,36.730567932128906
Title4NNTJ,41.01404571533203
TitleLN5S1,33.01696014404297
TitleD2ASQ,39.67829895019531
TitleA5VUC,52.00633239746094
TitleZ9MGC,47.01399993896485
TitleU5YAN,45.7705078125
TitleLEEH4,39.05341339111328
Title3DN74,41.766212463378906
TitleB4YP4,48.30908966064453
TitleTH53P,32.37040328979492
Title0RM9L,37.419715881347656
TitleGRMFX,42.153053283691406
TitleU4J6Y,30.88539123535156
TitleHKMEL,44.48950958251953
TitleSHH1C,35.983428955078125
TitleKEFUI,41.18659210205078
TitleWMLN5,47.19595336914063
TitleOMMTU,37.61384963989258
Title2Q1A9,50.317955017089844
TitleMJDL6,32.35625457763672
TitleILV1L,34.82543182373047
TitleQMD0X,32.04726028442383
TitleQ9EJZ,32.423229217529304
Title3G91J,43.47636413574219
Title7CL9L,36.22262573242188
Title4RL5S,41.269996643066406
TitleRBS9E,46.13335418701172
TitleA05R3,39.991859436035156
Title22SSR,33.828941345214844
Title80TYK,34.78025436401367
TitleA40GC,44.3667221069336
TitleIRIEQ,46.166786193847656
Title8NPO9,34.25822067260742
TitleJZ2NF,36.74480056762695
TitleSLJPK,39.377967834472656
TitleNH5I5,36.286434173583984
Title7O3R2,44.03443908691406
TitleBIYMP,41.68334197998047
TitleVZIP5,35.61664962768555
TitleG7BX1,35.32043838500977
TitleO6Z5U,45.10650634765625
TitleWOXPP,40.32787322998047
Title1S5QW,36.44207382202149
TitleXFWI1,41.90778350830078
TitleK6XN7,41.535377502441406
TitleJNMG2,39.78743743896485
Title4YBEE,41.325462341308594
TitleBPK6B,32.95735549926758
Title690RK,39.05994415283203
TitleZNXDK,48.13330078125
TitleQPIVB,49.370079040527344
TitleD4B9D,35.2643928527832
TitleIUTZC,42.47967529296875
TitleDXXBE,47.974510192871094
TitleXEU8K,37.54551696777344
Title435A8,38.06995391845703
TitleEMEG7,38.47541046142578
TitleIOC2Z,40.87321472167969
TitleQOEH4,42.19428253173828
TitleI6R8T,30.797779083251953
TitleLWAMH,40.92672729492188
TitleVQIJP,41.472618103027344
TitleQJVOB,38.86221694946289
TitleJTUG8,37.91935729980469
TitlePCJK5,30.63344573974609
TitleW6NUX,42.548973083496094
TitleH0MK9,35.38571548461914
TitleCITBB,39.181724548339844
Title3TTX6,44.61158752441406
TitleSNG6L,42.43848419189453
Title9QPAT,39.510780334472656
TitleJE4ED,39.96186828613281
TitleMONPH,38.22958755493164
TitleUHCL9,36.43819046020508
TitleT5N6V,33.365707397460945
TitleL9VTS,42.98186492919922
TitleITQGT,43.486328125
TitleYDA9K,44.163490295410156
TitleVV5L7,40.57025909423828
TitleZOQA6,39.80249786376953
Title0R5AG,44.06053924560547
Title1NE07,47.51488494873047
TitleHQ1DR,37.17194747924805
TitleV70ZI,44.75951385498047
TitleMT4BN,47.711769104003906
TitleGAVYD,39.189414978027344
TitleVZFNB,39.88790130615234
TitlePCTNX,31.217708587646484
TitleV6H0Y,39.08341979980469
Title2EI06,39.42481994628906
Title1U117,31.57840347290039
TitleXIDEN,48.82020568847656
TitleF8RSB,39.01058197021485
TitleS8K8L,45.423377990722656
TitleB8JEX,33.555355072021484
TitleRXSOT,36.46081924438477
TitleJK7I2,31.53622817993164
Title44YUQ,39.55572509765625
TitleD53TZ,30.72931289672852
TitlePJHNR,36.36692810058594
TitleEOHQM,32.927173614501946
TitleI1NT0,45.65552520751953
TitleP3NUG,41.70310974121094
TitleUQFC9,47.56768798828125
TitleAMI78,36.91596221923828
TitlePFTQR,38.893802642822266
TitleR3I65,40.79894256591797
TitleUQKH9,45.4620132446289
TitleCR7TX,43.227333068847656
TitleGNZ9A,37.91162490844727
TitleC7BSE,43.01515197753906
TitleSF3JL,47.37101745605469
TitleXX9NB,33.24845504760742
TitleR662H,43.166893005371094
TitleTE3RE,40.600257873535156
Title6U3L5,49.86672973632813
TitleXXWWU,41.68477630615234
TitleY7CAH,37.38976669311523
Title2ENFB,36.30993270874024
TitleH7AWM,40.35317993164063
TitleGSR96,42.80843353271485
TitleA974Y,46.078819274902344
TitleKRD9S,41.08760833740234
TitleIC1XX,38.18712997436523
TitleHF4BN,39.31560516357422
TitleSKPGV,36.945560455322266
TitleN8ORD,34.037002563476555
TitleRULS9,34.94613265991211
TitleX989N,35.67648696899414
TitleLCQ2F,42.351478576660156
TitleODWHI,42.47418975830078
TitleWMB1Z,34.236888885498054
TitleIAMBX,35.30393981933594
TitleMW5XJ,42.458274841308594
TitleUFI52,41.75244903564453
TitleYNEJ5,33.103527069091804
TitleTHPVI,41.29224395751953
TitleXKJI4,44.07264709472656
Title4FAJZ,38.49213409423828
TitleL1LU4,47.1061019897461
TitleT3T7L,33.87753677368164
Title9PWUT,42.30518341064453
TitleGPI1Y,30.89903259277344
TitleJGSGL,31.0688591003418
TitleJTFJF,32.75097274780273
TitleQAY87,31.707275390625
TitleVZQ1Z,38.00847625732422
TitleBJVZH,43.969505310058594
TitleWGVF6,42.87445831298828
Title84262,41.837867736816406
TitleS708T,34.93086624145508
Title5Y3QW,41.65889739990234
TitleGJ5D5,38.54369735717773
TitleG472T,40.839256286621094
TitleJT36Q,39.23088073730469
TitleGR2WP,39.56802368164063
Title5FQID,42.57864379882813
Title2D482,35.39649200439453
TitleN5G1W,41.02244567871094
TitleVQ2HA,38.830379486083984
TitleU5Q5B,44.266334533691406
TitleL6V9A,45.4810791015625
Title2R8VU,45.13884735107422
Title7HCNJ,44.35588836669922
TitleCD5YZ,34.458080291748054
Title8OKXL,37.34829330444336
TitleHFQT8,36.65688705444336
Language: N/A